unique_id,id,Date,Gender,venue,Team1,Team2,Toss_winner,decision_toss,Match_winner,player_of_match
0,1023581,12/20/2016,male,Sydney Showground Stadium,Sydney Thunder,Sydney Sixers,Sydney Sixers,field,Sydney Sixers,['MC Henriques']
1,1023583,12/21/2016,male,Adelaide Oval,Adelaide Strikers,Brisbane Heat,Adelaide Strikers,field,Brisbane Heat,['BB McCullum']
2,1023585,12/22/2016,male,Docklands Stadium,Melbourne Renegades,Sydney Thunder,Sydney Thunder,field,Melbourne Renegades,['AJ Finch']
3,1023587,12/23/2016,male,Sydney Cricket Ground,Sydney Sixers,Hobart Hurricanes,Sydney Sixers,field,Hobart Hurricanes,['DJM Short']
4,1023589,12/23/2016,male,Western Australia Cricket Association Ground,Perth Scorchers,Adelaide Strikers,Adelaide Strikers,field,Perth Scorchers,['AJ Turner']
5,1023591,12/26/2016,male,Bellerive Oval,Hobart Hurricanes,Melbourne Stars,Hobart Hurricanes,bat,Melbourne Stars,['RJ Quiney']
6,1023593,12/27/2016,male,Sydney Cricket Ground,Sydney Sixers,Perth Scorchers,Perth Scorchers,bat,Sydney Sixers,['J Botha']
7,1023595,12/28/2016,male,Sydney Showground Stadium,Sydney Thunder,Brisbane Heat,Brisbane Heat,field,Brisbane Heat,['CA Lynn']
8,1023597,12/29/2016,male,Docklands Stadium,Melbourne Renegades,Perth Scorchers,Perth Scorchers,field,Perth Scorchers,['M Klinger']
9,1023599,12/30/2016,male,"Brisbane Cricket Ground, Woolloongabba",Brisbane Heat,Hobart Hurricanes,Brisbane Heat,field,Brisbane Heat,['CA Lynn']
10,1023601,12/31/2016,male,Adelaide Oval,Adelaide Strikers,Sydney Sixers,Sydney Sixers,field,Adelaide Strikers,['SA Abbott']
11,1023603,1/1/2017,male,Melbourne Cricket Ground,Melbourne Stars,Melbourne Renegades,Melbourne Stars,field,Melbourne Renegades,['GB Hogg']
12,1023605,1/1/2017,male,Western Australia Cricket Association Ground,Perth Scorchers,Sydney Thunder,Sydney Thunder,field,Perth Scorchers,['MR Marsh']
13,1023607,1/2/2017,male,Bellerive Oval,Hobart Hurricanes,Adelaide Strikers,Hobart Hurricanes,field,Hobart Hurricanes,['DT Christian']
14,1023609,1/3/2017,male,"Brisbane Cricket Ground, Woolloongabba",Brisbane Heat,Sydney Sixers,Sydney Sixers,field,Sydney Sixers,['DP Hughes']
15,1023611,1/4/2017,male,Sydney Showground Stadium,Sydney Thunder,Melbourne Stars,Sydney Thunder,field,Sydney Thunder,['EJG Morgan']
16,1023613,1/5/2017,male,Western Australia Cricket Association Ground,Perth Scorchers,Brisbane Heat,Perth Scorchers,bat,Brisbane Heat,['CA Lynn']
17,1023615,1/6/2017,male,Adelaide Oval,Adelaide Strikers,Hobart Hurricanes,Adelaide Strikers,field,Adelaide Strikers,['BR Dunk']
18,1023617,1/7/2017,male,Docklands Stadium,Melbourne Renegades,Melbourne Stars,Melbourne Renegades,field,Melbourne Stars,['A Zampa']
19,1023619,1/8/2017,male,Bellerive Oval,Hobart Hurricanes,Sydney Thunder,Sydney Thunder,field,Sydney Thunder,['SR Watson']
20,1023621,1/9/2017,male,Sydney Cricket Ground,Sydney Sixers,Melbourne Renegades,Melbourne Renegades,bat,Sydney Sixers,['BJ Haddin']
21,1023623,1/10/2017,male,Melbourne Cricket Ground,Melbourne Stars,Adelaide Strikers,Melbourne Stars,field,Melbourne Stars,['BW Hilfenhaus']
22,1023625,1/11/2017,male,"Brisbane Cricket Ground, Woolloongabba",Brisbane Heat,Perth Scorchers,Brisbane Heat,field,Perth Scorchers,['M Klinger']
23,1023627,1/12/2017,male,Docklands Stadium,Melbourne Renegades,Hobart Hurricanes,Hobart Hurricanes,field,Hobart Hurricanes,['BR McDermott']
24,1023629,1/14/2017,male,Sydney Cricket Ground,Sydney Sixers,Sydney Thunder,Sydney Sixers,bat,Sydney Thunder,['Fawad Ahmed']
25,1023631,1/14/2017,male,Western Australia Cricket Association Ground,Perth Scorchers,Melbourne Stars,Perth Scorchers,bat,Melbourne Stars,['MA Beer']
26,1023633,1/16/2017,male,Adelaide Oval,Adelaide Strikers,Melbourne Renegades,Adelaide Strikers,field,Melbourne Renegades,['MS Harris']
27,1023635,1/17/2017,male,Melbourne Cricket Ground,Melbourne Stars,Brisbane Heat,Melbourne Stars,bat,Brisbane Heat,['MJ Swepson']
28,1023637,1/18/2017,male,Sydney Showground Stadium,Sydney Thunder,Adelaide Strikers,Sydney Thunder,field,Adelaide Strikers,['IS Sodhi']
29,1023639,1/20/2017,male,"Brisbane Cricket Ground, Woolloongabba",Brisbane Heat,Melbourne Renegades,Brisbane Heat,field,Melbourne Renegades,['AJ Finch']
30,1023641,1/21/2017,male,Bellerive Oval,Hobart Hurricanes,Perth Scorchers,Perth Scorchers,field,Perth Scorchers,['SE Marsh']
31,1023643,1/21/2017,male,Melbourne Cricket Ground,Melbourne Stars,Sydney Sixers,Sydney Sixers,field,Sydney Sixers,['SA Abbott']
32,1023645,1/24/2017,male,Western Australia Cricket Association Ground,Perth Scorchers,Melbourne Stars,Perth Scorchers,field,Perth Scorchers,['MG Johnson']
33,1023647,1/25/2017,male,"Brisbane Cricket Ground, Woolloongabba",Brisbane Heat,Sydney Sixers,Sydney Sixers,field,no result,['MC Henriques']
34,1023649,1/28/2017,male,Western Australia Cricket Association Ground,Perth Scorchers,Sydney Sixers,Perth Scorchers,field,Perth Scorchers,['JA Richardson']
35,1114856,12/19/2017,male,Sydney Showground Stadium,Sydney Thunder,Sydney Sixers,Sydney Thunder,field,Sydney Thunder,['SR Watson']
36,1114857,12/20/2017,male,"Brisbane Cricket Ground, Woolloongabba",Brisbane Heat,Melbourne Stars,Melbourne Stars,field,Brisbane Heat,['MP Stoinis']
37,1114858,12/21/2017,male,Bellerive Oval,Hobart Hurricanes,Melbourne Renegades,Melbourne Renegades,field,Melbourne Renegades,['DJ Bravo']
38,1114859,12/22/2017,male,Adelaide Oval,Adelaide Strikers,Sydney Thunder,Adelaide Strikers,bat,Adelaide Strikers,['Rashid Khan']
39,1114860,12/23/2017,male,Sydney Cricket Ground,Sydney Sixers,Perth Scorchers,Perth Scorchers,field,Perth Scorchers,['AJ Turner']
40,1114861,12/23/2017,male,Docklands Stadium,Melbourne Renegades,Brisbane Heat,Melbourne Renegades,field,Melbourne Renegades,['JD Wildermuth']
41,1114862,12/26/2017,male,W.A.C.A. Ground,Perth Scorchers,Melbourne Stars,Melbourne Stars,field,Perth Scorchers,['HWR Cartwright']
42,1114863,12/27/2017,male,"Brisbane Cricket Ground, Woolloongabba",Brisbane Heat,Sydney Thunder,Sydney Thunder,bat,Brisbane Heat,['AI Ross']
43,1114864,12/28/2017,male,Sydney Cricket Ground,Sydney Sixers,Adelaide Strikers,Sydney Sixers,field,Adelaide Strikers,['AT Carey']
44,1114865,12/29/2017,male,Docklands Stadium,Melbourne Renegades,Perth Scorchers,Perth Scorchers,field,Perth Scorchers,['MG Johnson']
45,1114866,12/30/2017,male,Aurora Stadium,Hobart Hurricanes,Sydney Thunder,Hobart Hurricanes,field,Sydney Thunder,['JC Buttler']
46,1114867,12/31/2017,male,Adelaide Oval,Adelaide Strikers,Brisbane Heat,Adelaide Strikers,bat,Adelaide Strikers,['MG Neser']
47,1114868,1/1/2018,male,Sydney Showground Stadium,Sydney Thunder,Hobart Hurricanes,Sydney Thunder,field,Hobart Hurricanes,['DJM Short']
48,1114869,1/1/2018,male,W.A.C.A. Ground,Perth Scorchers,Sydney Sixers,Perth Scorchers,field,Perth Scorchers,['M Klinger']
49,1114870,1/2/2018,male,Melbourne Cricket Ground,Melbourne Stars,Brisbane Heat,Brisbane Heat,field,Brisbane Heat,['MJ Swepson']
50,1114871,1/3/2018,male,"Simonds Stadium, South Geelong, Victoria",Melbourne Renegades,Sydney Sixers,Melbourne Renegades,field,Melbourne Renegades,['AJ Finch']
51,1114872,1/4/2018,male,Bellerive Oval,Hobart Hurricanes,Adelaide Strikers,Hobart Hurricanes,bat,Hobart Hurricanes,['DJM Short']
52,1114873,1/5/2018,male,"Brisbane Cricket Ground, Woolloongabba",Brisbane Heat,Perth Scorchers,Perth Scorchers,field,Brisbane Heat,['BCJ Cutting']
53,1114874,1/6/2018,male,Melbourne Cricket Ground,Melbourne Stars,Melbourne Renegades,Melbourne Renegades,field,Melbourne Renegades,['Mohammad Nabi']
54,1114875,1/7/2018,male,Sydney Showground Stadium,Sydney Thunder,Adelaide Strikers,Adelaide Strikers,bat,Adelaide Strikers,['Rashid Khan']
55,1114876,1/8/2018,male,Bellerive Oval,Hobart Hurricanes,Sydney Sixers,Hobart Hurricanes,bat,Hobart Hurricanes,['SW Billings']
56,1114877,1/8/2018,male,W.A.C.A. Ground,Perth Scorchers,Melbourne Renegades,Perth Scorchers,field,Perth Scorchers,['AJ Turner']
57,1114878,1/9/2018,male,Adelaide Oval,Adelaide Strikers,Melbourne Stars,Melbourne Stars,bat,Adelaide Strikers,['TM Head']
58,1114879,1/10/2018,male,"Brisbane Cricket Ground, Woolloongabba",Brisbane Heat,Hobart Hurricanes,Hobart Hurricanes,bat,Hobart Hurricanes,['DJM Short']
59,1114880,1/11/2018,male,Sydney Showground Stadium,Sydney Thunder,Perth Scorchers,Sydney Thunder,bat,Sydney Thunder,['UT Khawaja']
60,1114881,1/12/2018,male,Docklands Stadium,Melbourne Renegades,Melbourne Stars,Melbourne Renegades,field,Melbourne Stars,['KP Pietersen']
61,1114882,1/13/2018,male,Traeger Park,Adelaide Strikers,Perth Scorchers,Perth Scorchers,field,Perth Scorchers,['AC Agar']
62,1114883,1/13/2018,male,Sydney Cricket Ground,Sydney Sixers,Sydney Thunder,Sydney Sixers,field,Sydney Sixers,['CJ Green']
63,1114884,1/15/2018,male,Bellerive Oval,Hobart Hurricanes,Brisbane Heat,Brisbane Heat,bat,Hobart Hurricanes,['DT Christian']
64,1114885,1/16/2018,male,Melbourne Cricket Ground,Melbourne Stars,Sydney Sixers,Sydney Sixers,field,Sydney Sixers,['NM Lyon']
65,1114886,1/17/2018,male,Adelaide Oval,Adelaide Strikers,Hobart Hurricanes,Adelaide Strikers,bat,Adelaide Strikers,['AT Carey']
66,1114887,1/18/2018,male,Sydney Cricket Ground,Sydney Sixers,Brisbane Heat,Sydney Sixers,field,Sydney Sixers,['SA Abbott']
67,1114888,1/20/2018,male,Melbourne Cricket Ground,Melbourne Stars,Sydney Thunder,Sydney Thunder,field,Sydney Thunder,['SR Watson']
68,1114889,1/20/2018,male,W.A.C.A. Ground,Perth Scorchers,Hobart Hurricanes,Perth Scorchers,field,Perth Scorchers,['AC Agar']
69,1114890,1/22/2018,male,Docklands Stadium,Melbourne Renegades,Adelaide Strikers,Melbourne Renegades,field,Adelaide Strikers,['CA Ingram']
70,1114891,1/23/2018,male,Sydney Cricket Ground,Sydney Sixers,Melbourne Stars,Sydney Sixers,field,Sydney Sixers,['JL Denly']
71,1114892,1/24/2018,male,Manuka Oval,Sydney Thunder,Melbourne Renegades,Sydney Thunder,field,Melbourne Renegades,['KW Richardson']
72,1114893,1/25/2018,male,W.A.C.A. Ground,Perth Scorchers,Adelaide Strikers,Perth Scorchers,field,Perth Scorchers,['AC Voges']
73,1114894,1/27/2018,male,Melbourne Cricket Ground,Melbourne Stars,Hobart Hurricanes,Melbourne Stars,field,Melbourne Stars,['KP Pietersen']
74,1114895,1/27/2018,male,"Brisbane Cricket Ground, Woolloongabba",Brisbane Heat,Melbourne Renegades,Brisbane Heat,field,Melbourne Renegades,['TLW Cooper']
75,1114896,2/1/2018,male,Perth Stadium,Perth Scorchers,Hobart Hurricanes,Perth Scorchers,field,Hobart Hurricanes,['MS Wade']
76,1114897,2/2/2018,male,Adelaide Oval,Adelaide Strikers,Melbourne Renegades,Adelaide Strikers,bat,Adelaide Strikers,['TM Head']
77,1114898,2/4/2018,male,Adelaide Oval,Adelaide Strikers,Hobart Hurricanes,Adelaide Strikers,bat,Adelaide Strikers,['J Weatherald']
78,1152511,12/19/2018,male,"Brisbane Cricket Ground, Woolloongabba",Brisbane Heat,Adelaide Strikers,Adelaide Strikers,field,Adelaide Strikers,['Rashid Khan']
79,1152512,12/20/2018,male,Docklands Stadium,Melbourne Renegades,Perth Scorchers,Melbourne Renegades,field,Melbourne Renegades,['Usman Shinwari']
80,1152513,12/21/2018,male,Manuka Oval,Sydney Thunder,Melbourne Stars,Melbourne Stars,field,Sydney Thunder,['DR Sams']
81,1152514,12/22/2018,male,Sydney Cricket Ground,Sydney Sixers,Perth Scorchers,Sydney Sixers,bat,Sydney Sixers,"[""SNJ O'Keefe""]"
82,1152515,12/22/2018,male,Carrara Oval,Brisbane Heat,Hobart Hurricanes,Brisbane Heat,field,Hobart Hurricanes,['DJM Short']
83,1152516,12/23/2018,male,Adelaide Oval,Adelaide Strikers,Melbourne Renegades,Melbourne Renegades,field,Melbourne Renegades,['DT Christian']
84,1152517,12/24/2018,male,Bellerive Oval,Hobart Hurricanes,Melbourne Stars,Hobart Hurricanes,field,Hobart Hurricanes,['DJM Short']
85,1152518,12/24/2018,male,Sydney Showground Stadium,Sydney Thunder,Sydney Sixers,Sydney Sixers,field,Sydney Thunder,['JC Buttler']
86,1152519,12/26/2018,male,Perth Stadium,Perth Scorchers,Adelaide Strikers,Perth Scorchers,field,Perth Scorchers,['JA Richardson']
87,1152520,12/27/2018,male,Sydney Cricket Ground,Sydney Sixers,Melbourne Stars,Melbourne Stars,field,Melbourne Stars,['PSP Handscomb']
88,1152521,12/28/2018,male,Bellerive Oval,Hobart Hurricanes,Sydney Thunder,Hobart Hurricanes,field,Hobart Hurricanes,['MS Wade']
89,1152522,12/29/2018,male,Docklands Stadium,Melbourne Renegades,Sydney Sixers,Melbourne Renegades,field,Sydney Sixers,['BAD Manenti']
90,1152523,12/30/2018,male,Aurora Stadium,Hobart Hurricanes,Perth Scorchers,Hobart Hurricanes,field,Hobart Hurricanes,['RP Meredith']
91,1152524,12/31/2018,male,Adelaide Oval,Adelaide Strikers,Sydney Thunder,Adelaide Strikers,bat,Adelaide Strikers,['PM Siddle']
92,1152525,1/1/2019,male,Carrara Oval,Brisbane Heat,Sydney Sixers,Sydney Sixers,field,Sydney Sixers,['CA Lynn']
93,1152526,1/1/2019,male,Melbourne Cricket Ground,Melbourne Stars,Melbourne Renegades,Melbourne Stars,field,Melbourne Stars,['MP Stoinis']
94,1152527,1/2/2019,male,Sydney Showground Stadium,Sydney Thunder,Perth Scorchers,Sydney Thunder,bat,Sydney Thunder,['CJ Ferguson']
95,1152528,1/3/2019,male,"Simonds Stadium, South Geelong, Victoria",Melbourne Renegades,Adelaide Strikers,Melbourne Renegades,field,Adelaide Strikers,['J Weatherald']
96,1152529,1/4/2019,male,Bellerive Oval,Hobart Hurricanes,Sydney Sixers,Hobart Hurricanes,field,Hobart Hurricanes,['DJM Short']
97,1152530,1/5/2019,male,Carrara Oval,Melbourne Stars,Sydney Thunder,Sydney Thunder,bat,Melbourne Stars,['MP Stoinis']
98,1152531,1/5/2019,male,Perth Stadium,Perth Scorchers,Brisbane Heat,Brisbane Heat,field,Brisbane Heat,['Mujeeb Ur Rahman']
99,1152532,1/6/2019,male,Adelaide Oval,Adelaide Strikers,Sydney Sixers,Adelaide Strikers,bat,Sydney Sixers,['JL Denly']
100,1152533,1/7/2019,male,Docklands Stadium,Melbourne Renegades,Hobart Hurricanes,Melbourne Renegades,field,Melbourne Renegades,['SB Harper']
101,1152534,1/8/2019,male,Sydney Showground Stadium,Sydney Thunder,Brisbane Heat,Sydney Thunder,field,Brisbane Heat,['CA Lynn']
102,1152535,1/9/2019,male,Melbourne Cricket Ground,Melbourne Stars,Perth Scorchers,Perth Scorchers,field,Perth Scorchers,['AJ Tye']
103,1152536,1/10/2019,male,"Brisbane Cricket Ground, Woolloongabba",Brisbane Heat,Melbourne Renegades,Melbourne Renegades,field,Melbourne Renegades,['SB Harper']
104,1152537,1/11/2019,male,Adelaide Oval,Adelaide Strikers,Melbourne Stars,Melbourne Stars,field,Adelaide Strikers,['CA Ingram']
105,1152538,1/13/2019,male,Sydney Showground Stadium,Sydney Thunder,Adelaide Strikers,Sydney Thunder,bat,Sydney Thunder,['SR Watson']
106,1152539,1/13/2019,male,Geelong Cricket Ground,Melbourne Renegades,Brisbane Heat,Melbourne Renegades,field,Brisbane Heat,['M Bryant']
107,1152540,1/13/2019,male,Perth Stadium,Perth Scorchers,Sydney Sixers,Perth Scorchers,field,Perth Scorchers,['CT Bancroft']
108,1152541,1/14/2019,male,Melbourne Cricket Ground,Melbourne Stars,Hobart Hurricanes,Melbourne Stars,field,Hobart Hurricanes,['DJM Short']
109,1152542,1/16/2019,male,Sydney Cricket Ground,Sydney Sixers,Melbourne Renegades,Melbourne Renegades,field,Melbourne Renegades,['KW Richardson']
110,1152543,1/17/2019,male,"Brisbane Cricket Ground, Woolloongabba",Brisbane Heat,Sydney Thunder,Sydney Thunder,bat,no result,['KW Richardson']
111,1152544,1/18/2019,male,Perth Stadium,Perth Scorchers,Hobart Hurricanes,Hobart Hurricanes,field,Hobart Hurricanes,['GJ Bailey']
112,1152545,1/19/2019,male,Docklands Stadium,Melbourne Renegades,Melbourne Stars,Melbourne Stars,field,Melbourne Stars,['MP Stoinis']
113,1152546,1/20/2019,male,Sydney Cricket Ground,Sydney Sixers,Brisbane Heat,Brisbane Heat,field,Sydney Sixers,['JM Vince']
114,1152547,1/21/2019,male,Adelaide Oval,Adelaide Strikers,Hobart Hurricanes,Adelaide Strikers,bat,Hobart Hurricanes,['MS Wade']
115,1152548,1/22/2019,male,Sydney Showground Stadium,Sydney Thunder,Melbourne Renegades,Sydney Thunder,field,Melbourne Renegades,['HF Gurney']
116,1152549,1/23/2019,male,Ted Summerton Reserve,Melbourne Stars,Adelaide Strikers,Adelaide Strikers,field,Melbourne Stars,['BR Dunk']
117,1152550,1/23/2019,male,Sydney Cricket Ground,Sydney Sixers,Hobart Hurricanes,Sydney Sixers,field,Sydney Sixers,['JR Philippe']
118,1152551,1/24/2019,male,Perth Stadium,Perth Scorchers,Sydney Thunder,Sydney Thunder,field,Sydney Thunder,['CJ Ferguson']
119,1152552,1/27/2019,male,Melbourne Cricket Ground,Melbourne Stars,Brisbane Heat,Brisbane Heat,field,Melbourne Stars,['MP Stoinis']
120,1152553,1/28/2019,male,Perth Stadium,Perth Scorchers,Melbourne Renegades,Perth Scorchers,field,Melbourne Renegades,['CP Tremain']
121,1152554,1/29/2019,male,Bellerive Oval,Hobart Hurricanes,Brisbane Heat,Hobart Hurricanes,field,Hobart Hurricanes,['DJM Short']
122,1152555,1/29/2019,male,Sydney Cricket Ground,Sydney Sixers,Adelaide Strikers,Sydney Sixers,field,Sydney Sixers,['BJ Dwarshuis']
123,1152556,1/30/2019,male,Docklands Stadium,Melbourne Renegades,Sydney Thunder,Melbourne Renegades,bat,Melbourne Renegades,['CJ Boyce']
124,1152557,1/31/2019,male,Aurora Stadium,Hobart Hurricanes,Adelaide Strikers,Adelaide Strikers,field,Adelaide Strikers,['J Weatherald']
125,1152558,2/1/2019,male,"Brisbane Cricket Ground, Woolloongabba",Brisbane Heat,Perth Scorchers,Brisbane Heat,field,Brisbane Heat,['Mujeeb Ur Rahman']
126,1152559,2/2/2019,male,Sydney Cricket Ground,Sydney Sixers,Sydney Thunder,Sydney Sixers,field,Sydney Sixers,['DP Hughes']
127,1152560,2/3/2019,male,Adelaide Oval,Adelaide Strikers,Brisbane Heat,Brisbane Heat,field,Brisbane Heat,['MT Renshaw']
128,1152561,2/3/2019,male,Perth Stadium,Perth Scorchers,Melbourne Stars,Melbourne Stars,field,Perth Scorchers,['AJ Turner']
129,1152562,2/7/2019,male,Bellerive Oval,Hobart Hurricanes,Melbourne Renegades,Melbourne Renegades,field,Hobart Hurricanes,['MS Wade']
130,1152563,2/8/2019,male,"Brisbane Cricket Ground, Woolloongabba",Brisbane Heat,Melbourne Stars,Brisbane Heat,field,Brisbane Heat,['BCJ Cutting']
131,1152564,2/9/2019,male,Adelaide Oval,Adelaide Strikers,Perth Scorchers,Perth Scorchers,bat,Adelaide Strikers,['JW Wells']
132,1152565,2/9/2019,male,Manuka Oval,Sydney Thunder,Hobart Hurricanes,Sydney Thunder,field,Sydney Thunder,['PJ Cummins']
133,1152566,2/10/2019,male,Melbourne Cricket Ground,Melbourne Stars,Sydney Sixers,Sydney Sixers,field,Melbourne Stars,['GJ Maxwell']
134,1152567,2/14/2019,male,Bellerive Oval,Hobart Hurricanes,Melbourne Stars,Melbourne Stars,field,Melbourne Stars,['DJ Worrall']
135,1152568,2/15/2019,male,Docklands Stadium,Melbourne Renegades,Sydney Sixers,Melbourne Renegades,field,Melbourne Renegades,['DT Christian']
136,1152569,2/17/2019,male,Docklands Stadium,Melbourne Stars,Melbourne Renegades,Melbourne Stars,field,Melbourne Renegades,['DT Christian']
137,1195573,12/17/2019,male,"Brisbane Cricket Ground, Woolloongabba",Brisbane Heat,Sydney Thunder,Sydney Thunder,bat,Sydney Thunder,['CJ Ferguson']
138,1195574,12/18/2019,male,Sydney Cricket Ground,Sydney Sixers,Perth Scorchers,Sydney Sixers,field,Sydney Sixers,['JR Philippe']
139,1195575,12/19/2019,male,"Simonds Stadium, South Geelong, Victoria",Melbourne Renegades,Sydney Thunder,Melbourne Renegades,bat,Sydney Thunder,['AD Hales']
140,1195576,12/20/2019,male,Traeger Park,Hobart Hurricanes,Sydney Sixers,Hobart Hurricanes,bat,Hobart Hurricanes,['Qais Ahmad']
141,1195577,12/20/2019,male,Carrara Oval,Brisbane Heat,Melbourne Stars,Brisbane Heat,field,Melbourne Stars,['GJ Maxwell']
142,1195578,12/21/2019,male,Manuka Oval,Sydney Thunder,Adelaide Strikers,Sydney Thunder,field,no result,['GJ Maxwell']
143,1195579,12/21/2019,male,Perth Stadium,Perth Scorchers,Melbourne Renegades,Melbourne Renegades,field,Perth Scorchers,['MR Marsh']
144,1195580,12/22/2019,male,Ted Summerton Reserve,Melbourne Stars,Hobart Hurricanes,Melbourne Stars,bat,Melbourne Stars,['Haris Rauf']
145,1195581,12/22/2019,male,Sydney Cricket Ground,Sydney Sixers,Brisbane Heat,Sydney Sixers,field,Brisbane Heat,['CA Lynn']
146,1195582,12/23/2019,male,Adelaide Oval,Adelaide Strikers,Perth Scorchers,Perth Scorchers,field,Adelaide Strikers,['J Weatherald']
147,1195583,12/24/2019,male,Bellerive Oval,Hobart Hurricanes,Melbourne Renegades,Melbourne Renegades,bat,Hobart Hurricanes,['RP Meredith']
148,1195584,12/26/2019,male,Perth Stadium,Perth Scorchers,Sydney Sixers,Perth Scorchers,field,Sydney Sixers,['TK Curran']
149,1195585,12/27/2019,male,Carrara Oval,Melbourne Stars,Adelaide Strikers,Melbourne Stars,field,Adelaide Strikers,['JW Wells']
150,1195586,12/28/2019,male,Sydney Cricket Ground,Sydney Sixers,Sydney Thunder,Sydney Thunder,bat,no result,['TK Curran']
151,1195587,12/29/2019,male,Docklands Stadium,Melbourne Renegades,Adelaide Strikers,Adelaide Strikers,bat,Adelaide Strikers,['Rashid Khan']
152,1195588,12/30/2019,male,Aurora Stadium,Hobart Hurricanes,Melbourne Stars,Melbourne Stars,field,Melbourne Stars,['NM Coulter-Nile']
153,1195589,12/31/2019,male,Adelaide Oval,Adelaide Strikers,Sydney Thunder,Sydney Thunder,bat,Sydney Thunder,['CJ Ferguson']
154,1195590,1/1/2020,male,Carrara Oval,Brisbane Heat,Perth Scorchers,Perth Scorchers,bat,Perth Scorchers,['Fawad Ahmed']
155,1195591,1/2/2020,male,Sydney Showground Stadium,Sydney Thunder,Melbourne Stars,Sydney Thunder,bat,Melbourne Stars,['NCR Larkin']
156,1195592,1/2/2020,male,Docklands Stadium,Melbourne Renegades,Sydney Sixers,Melbourne Renegades,bat,Sydney Sixers,['JM Vince']
157,1195593,1/3/2020,male,Bellerive Oval,Hobart Hurricanes,Brisbane Heat,Hobart Hurricanes,field,Brisbane Heat,['CA Lynn']
158,1195594,1/4/2020,male,Melbourne Cricket Ground,Melbourne Stars,Melbourne Renegades,Melbourne Stars,field,Melbourne Stars,['A Zampa']
159,1195595,1/5/2020,male,International Sports Stadium,Sydney Sixers,Adelaide Strikers,Adelaide Strikers,bat,Sydney Sixers,['JR Philippe']
160,1195596,1/5/2020,male,Perth Stadium,Perth Scorchers,Hobart Hurricanes,Hobart Hurricanes,bat,Hobart Hurricanes,['DJM Short']
161,1195597,1/6/2020,male,Sydney Showground Stadium,Sydney Thunder,Brisbane Heat,Brisbane Heat,bat,Brisbane Heat,['T Banton']
162,1195598,1/7/2020,male,"Simonds Stadium, South Geelong, Victoria",Melbourne Renegades,Perth Scorchers,Perth Scorchers,field,Perth Scorchers,['LS Livingstone']
163,1195599,1/8/2020,male,Adelaide Oval,Adelaide Strikers,Sydney Sixers,Sydney Sixers,field,Sydney Sixers,['TK Curran']
164,1195600,1/8/2020,male,Melbourne Cricket Ground,Melbourne Stars,Sydney Thunder,Melbourne Stars,field,Melbourne Stars,['Haris Rauf']
165,1195601,1/9/2020,male,"Brisbane Cricket Ground, Woolloongabba",Brisbane Heat,Hobart Hurricanes,Hobart Hurricanes,bat,Brisbane Heat,['BCJ Cutting']
166,1195602,1/10/2020,male,Docklands Stadium,Melbourne Renegades,Melbourne Stars,Melbourne Stars,field,Melbourne Stars,['GJ Maxwell']
167,1195603,1/11/2020,male,Sydney Showground Stadium,Sydney Thunder,Hobart Hurricanes,Sydney Thunder,field,Sydney Thunder,['AD Hales']
168,1195604,1/11/2020,male,Perth Stadium,Perth Scorchers,Brisbane Heat,Perth Scorchers,bat,Perth Scorchers,['MR Marsh']
169,1195605,1/12/2020,male,Adelaide Oval,Adelaide Strikers,Melbourne Renegades,Adelaide Strikers,bat,Adelaide Strikers,['JW Wells']
170,1195606,1/12/2020,male,Melbourne Cricket Ground,Melbourne Stars,Sydney Sixers,Sydney Sixers,field,Melbourne Stars,['MP Stoinis']
171,1195607,1/13/2020,male,Bellerive Oval,Hobart Hurricanes,Perth Scorchers,Hobart Hurricanes,field,Perth Scorchers,['JP Inglis']
172,1195608,1/14/2020,male,"Brisbane Cricket Ground, Woolloongabba",Brisbane Heat,Adelaide Strikers,Adelaide Strikers,bat,Brisbane Heat,['JL Pattinson']
173,1195609,1/15/2020,male,Manuka Oval,Sydney Thunder,Melbourne Renegades,Melbourne Renegades,bat,Melbourne Renegades,['SB Harper']
174,1195610,1/15/2020,male,Perth Stadium,Perth Scorchers,Melbourne Stars,Perth Scorchers,bat,Melbourne Stars,['JR Coleman']
175,1195611,1/16/2020,male,Sydney Cricket Ground,Sydney Sixers,Hobart Hurricanes,Hobart Hurricanes,field,no result,['JR Coleman']
176,1195612,1/17/2020,male,Adelaide Oval,Adelaide Strikers,Brisbane Heat,Brisbane Heat,bat,Adelaide Strikers,"[""LN O'Connor""]"
177,1195613,1/18/2020,male,Melbourne Cricket Ground,Melbourne Stars,Perth Scorchers,Melbourne Stars,bat,Melbourne Stars,['GJ Maxwell']
178,1195614,1/18/2020,male,Sydney Showground Stadium,Sydney Thunder,Sydney Sixers,Sydney Thunder,field,Sydney Thunder,['CH Morris']
179,1195615,1/19/2020,male,Aurora Stadium,Hobart Hurricanes,Adelaide Strikers,Hobart Hurricanes,field,Adelaide Strikers,['TM Head']
180,1195616,1/19/2020,male,"Brisbane Cricket Ground, Woolloongabba",Brisbane Heat,Melbourne Renegades,Brisbane Heat,field,Melbourne Renegades,['CJ Boyce']
181,1195617,1/20/2020,male,Sydney Cricket Ground,Sydney Sixers,Melbourne Stars,Melbourne Stars,field,Sydney Sixers,['MC Henriques']
182,1195618,1/20/2020,male,Perth Stadium,Perth Scorchers,Sydney Thunder,Sydney Thunder,bat,Perth Scorchers,['LS Livingstone']
183,1195619,1/21/2020,male,Docklands Stadium,Melbourne Renegades,Hobart Hurricanes,Melbourne Renegades,field,Hobart Hurricanes,['M Wright']
184,1195620,1/22/2020,male,Adelaide Oval,Adelaide Strikers,Melbourne Stars,Melbourne Stars,field,Adelaide Strikers,['JW Wells']
185,1195621,1/23/2020,male,"Brisbane Cricket Ground, Woolloongabba",Brisbane Heat,Sydney Sixers,Sydney Sixers,field,Sydney Sixers,"[""SNJ O'Keefe""]"
186,1195622,1/24/2020,male,Bellerive Oval,Hobart Hurricanes,Sydney Thunder,Hobart Hurricanes,bat,Hobart Hurricanes,['DJM Short']
187,1195623,1/24/2020,male,Perth Stadium,Perth Scorchers,Adelaide Strikers,Adelaide Strikers,bat,Adelaide Strikers,['WA Agar']
188,1195624,1/25/2020,male,Sydney Cricket Ground,Sydney Sixers,Melbourne Renegades,Sydney Sixers,field,Sydney Sixers,['SPD Smith']
189,1195625,1/25/2020,male,Melbourne Cricket Ground,Melbourne Stars,Brisbane Heat,Brisbane Heat,bat,Brisbane Heat,['AB de Villiers']
190,1195626,1/26/2020,male,Sydney Showground Stadium,Sydney Thunder,Perth Scorchers,Perth Scorchers,bat,Sydney Thunder,['AD Hales']
191,1195627,1/26/2020,male,Adelaide Oval,Adelaide Strikers,Hobart Hurricanes,Hobart Hurricanes,bat,Hobart Hurricanes,['MS Wade']
192,1195628,1/27/2020,male,Docklands Stadium,Melbourne Renegades,Brisbane Heat,Brisbane Heat,bat,Melbourne Renegades,['AJ Finch']
193,1195629,1/30/2020,male,Bellerive Oval,Hobart Hurricanes,Sydney Thunder,Sydney Thunder,bat,Sydney Thunder,['JD Cook']
194,1195630,1/31/2020,male,Melbourne Cricket Ground,Melbourne Stars,Sydney Sixers,Melbourne Stars,field,Sydney Sixers,"[""SNJ O'Keefe""]"
195,1195631,2/1/2020,male,Adelaide Oval,Adelaide Strikers,Sydney Thunder,Adelaide Strikers,field,Sydney Thunder,['AD Hales']
196,1195632,2/6/2020,male,Melbourne Cricket Ground,Melbourne Stars,Sydney Thunder,Melbourne Stars,bat,Melbourne Stars,['NCR Larkin']
197,1195633,2/8/2020,male,Sydney Cricket Ground,Sydney Sixers,Melbourne Stars,Melbourne Stars,field,Sydney Sixers,['JR Philippe']
198,524915,12/16/2011,male,Sydney Cricket Ground,Sydney Sixers,Brisbane Heat,Brisbane Heat,bat,Sydney Sixers,['BJ Haddin']
199,524916,12/17/2011,male,Melbourne Cricket Ground,Melbourne Stars,Sydney Thunder,Sydney Thunder,field,Sydney Thunder,['DA Warner']
200,524917,12/18/2011,male,Adelaide Oval,Adelaide Strikers,Melbourne Renegades,Melbourne Renegades,field,Adelaide Strikers,['M Klinger']
201,524918,12/18/2011,male,Western Australia Cricket Association Ground,Perth Scorchers,Hobart Hurricanes,Hobart Hurricanes,bat,Hobart Hurricanes,['BW Hilfenhaus']
202,524919,12/20/2011,male,"Brisbane Cricket Ground, Woolloongabba",Brisbane Heat,Melbourne Stars,Melbourne Stars,bat,Melbourne Stars,['RJ Quiney']
203,524920,12/21/2011,male,Bellerive Oval,Hobart Hurricanes,Sydney Sixers,Hobart Hurricanes,bat,Hobart Hurricanes,['TR Birt']
204,524921,12/22/2011,male,Docklands Stadium,Melbourne Renegades,Perth Scorchers,Melbourne Renegades,bat,Perth Scorchers,['SE Marsh']
205,524922,12/23/2011,male,Stadium Australia,Sydney Thunder,Adelaide Strikers,Adelaide Strikers,bat,Sydney Thunder,['CH Gayle']
206,524923,12/27/2011,male,Sydney Cricket Ground,Sydney Sixers,Melbourne Stars,Sydney Sixers,bat,Sydney Sixers,['DJ Bravo']
207,524924,12/28/2011,male,Adelaide Oval,Adelaide Strikers,Hobart Hurricanes,Hobart Hurricanes,bat,Hobart Hurricanes,['XJ Doherty']
208,524925,12/29/2011,male,Western Australia Cricket Association Ground,Perth Scorchers,Brisbane Heat,Perth Scorchers,bat,Perth Scorchers,['MJ North']
209,524926,12/30/2011,male,Stadium Australia,Sydney Thunder,Melbourne Renegades,Melbourne Renegades,bat,Melbourne Renegades,['Shahid Afridi']
210,524927,1/1/2012,male,Bellerive Oval,Hobart Hurricanes,Sydney Thunder,Sydney Thunder,bat,Hobart Hurricanes,['Naved-ul-Hasan']
211,524928,1/2/2012,male,Docklands Stadium,Melbourne Renegades,Sydney Sixers,Sydney Sixers,bat,Melbourne Renegades,['AB McDonald']
212,524930,1/4/2012,male,Melbourne Cricket Ground,Melbourne Stars,Perth Scorchers,Perth Scorchers,bat,Perth Scorchers,['HH Gibbs']
213,524933,1/8/2012,male,Stadium Australia,Sydney Thunder,Sydney Sixers,Sydney Sixers,bat,Sydney Sixers,['MA Starc']
214,524934,1/8/2012,male,Western Australia Cricket Association Ground,Perth Scorchers,Adelaide Strikers,Perth Scorchers,bat,Perth Scorchers,['GB Hogg']
215,524935,1/9/2012,male,Bellerive Oval,Hobart Hurricanes,Melbourne Stars,Melbourne Stars,bat,Melbourne Stars,['LJ Wright']
216,524936,1/10/2012,male,Adelaide Oval,Adelaide Strikers,Sydney Sixers,Sydney Sixers,bat,Sydney Sixers,"[""SNJ O'Keefe""]"
217,524938,1/12/2012,male,Docklands Stadium,Melbourne Renegades,Brisbane Heat,Brisbane Heat,bat,Brisbane Heat,['DL Vettori']
218,524939,1/17/2012,male,"Brisbane Cricket Ground, Woolloongabba",Brisbane Heat,Sydney Thunder,Sydney Thunder,field,Brisbane Heat,['DT Christian']
219,524940,1/18/2012,male,Bellerive Oval,Hobart Hurricanes,Melbourne Renegades,Melbourne Renegades,bat,Hobart Hurricanes,['OA Shah']
220,524941,1/18/2012,male,Sydney Cricket Ground,Sydney Sixers,Perth Scorchers,Sydney Sixers,bat,Sydney Sixers,['MA Starc']
221,524942,1/19/2012,male,Melbourne Cricket Ground,Melbourne Stars,Adelaide Strikers,Adelaide Strikers,bat,Melbourne Stars,['CJ McKay']
222,524943,1/21/2012,male,Western Australia Cricket Association Ground,Perth Scorchers,Melbourne Stars,Perth Scorchers,bat,Perth Scorchers,['MR Marsh']
223,524944,1/22/2012,male,Bellerive Oval,Hobart Hurricanes,Sydney Sixers,Sydney Sixers,bat,Sydney Sixers,['NJ Maddinson']
224,524945,1/28/2012,male,Western Australia Cricket Association Ground,Perth Scorchers,Sydney Sixers,Perth Scorchers,bat,Sydney Sixers,['MC Henriques']
225,571232,12/7/2012,male,Docklands Stadium,Melbourne Renegades,Melbourne Stars,Melbourne Stars,bat,Melbourne Renegades,['AJ Finch']
226,571233,12/8/2012,male,Sydney Cricket Ground,Sydney Sixers,Sydney Thunder,Sydney Sixers,field,Sydney Sixers,['BJ Haddin']
227,571234,12/9/2012,male,"Brisbane Cricket Ground, Woolloongabba",Brisbane Heat,Hobart Hurricanes,Brisbane Heat,bat,Hobart Hurricanes,['TR Birt']
228,571235,12/9/2012,male,Western Australia Cricket Association Ground,Perth Scorchers,Adelaide Strikers,Perth Scorchers,bat,Adelaide Strikers,['PJ Hughes']
229,571236,12/12/2012,male,Western Australia Cricket Association Ground,Perth Scorchers,Melbourne Stars,Melbourne Stars,field,Melbourne Stars,['SL Malinga']
230,571237,12/13/2012,male,Adelaide Oval,Adelaide Strikers,Brisbane Heat,Brisbane Heat,field,Brisbane Heat,['LA Pomersbach']
231,571238,12/14/2012,male,Stadium Australia,Sydney Thunder,Melbourne Renegades,Melbourne Renegades,field,Melbourne Renegades,"[""AW O'Brien""]"
232,571239,12/15/2012,male,Melbourne Cricket Ground,Melbourne Stars,Hobart Hurricanes,Melbourne Stars,field,Melbourne Stars,['CJ McKay']
233,571240,12/16/2012,male,Sydney Cricket Ground,Sydney Sixers,Perth Scorchers,Perth Scorchers,field,Perth Scorchers,['MA Beer']
234,571241,12/18/2012,male,"Brisbane Cricket Ground, Woolloongabba",Brisbane Heat,Perth Scorchers,Perth Scorchers,field,Perth Scorchers,['NM Coulter-Nile']
235,571242,12/19/2012,male,Docklands Stadium,Melbourne Renegades,Hobart Hurricanes,Melbourne Renegades,field,Melbourne Renegades,['MN Samuels']
236,571243,12/20/2012,male,Stadium Australia,Sydney Thunder,Adelaide Strikers,Sydney Thunder,field,Adelaide Strikers,['KW Richardson']
237,571245,12/22/2012,male,Docklands Stadium,Melbourne Renegades,Brisbane Heat,Brisbane Heat,bat,Melbourne Renegades,['BCJ Cutting']
238,571247,12/23/2012,male,Adelaide Oval,Adelaide Strikers,Sydney Sixers,Sydney Sixers,bat,Adelaide Strikers,['TP Ludeman']
239,571248,12/26/2012,male,Sydney Cricket Ground,Sydney Sixers,Hobart Hurricanes,Hobart Hurricanes,field,Hobart Hurricanes,['RT Ponting']
240,571249,12/27/2012,male,Adelaide Oval,Adelaide Strikers,Melbourne Stars,Melbourne Stars,bat,Melbourne Stars,['BJ Hodge']
241,571250,12/28/2012,male,Stadium Australia,Sydney Thunder,Brisbane Heat,Sydney Thunder,bat,Brisbane Heat,['DT Christian']
242,571251,12/29/2012,male,Western Australia Cricket Association Ground,Perth Scorchers,Melbourne Renegades,Melbourne Renegades,field,Perth Scorchers,['SE Marsh']
243,571252,12/30/2012,male,Stadium Australia,Sydney Thunder,Sydney Sixers,Sydney Thunder,bat,Sydney Sixers,['DP Hughes']
244,571254,1/2/2013,male,Docklands Stadium,Melbourne Renegades,Adelaide Strikers,Adelaide Strikers,field,Melbourne Renegades,['M Muralitharan']
245,571256,1/4/2013,male,Western Australia Cricket Association Ground,Perth Scorchers,Sydney Thunder,Sydney Thunder,bat,Perth Scorchers,['JP Behrendorff']
246,571258,1/6/2013,male,Melbourne Cricket Ground,Melbourne Stars,Melbourne Renegades,Melbourne Stars,bat,Melbourne Renegades,['AJ Finch']
247,571259,1/7/2013,male,"Brisbane Cricket Ground, Woolloongabba",Brisbane Heat,Sydney Sixers,Brisbane Heat,bat,Sydney Sixers,['MJ Lumb']
248,571260,1/8/2013,male,Melbourne Cricket Ground,Melbourne Stars,Sydney Thunder,Melbourne Stars,bat,Melbourne Stars,['CH Gayle']
249,571262,1/10/2013,male,Adelaide Oval,Adelaide Strikers,Perth Scorchers,Perth Scorchers,bat,Perth Scorchers,['SE Marsh']
250,571264,2/4/2013,male,Docklands Stadium,Melbourne Renegades,Brisbane Heat,Brisbane Heat,bat,Brisbane Heat,['LA Pomersbach']
251,571265,2/5/2013,male,Western Australia Cricket Association Ground,Perth Scorchers,Melbourne Stars,Perth Scorchers,field,Perth Scorchers,['SE Marsh']
252,571266,1/19/2013,male,Western Australia Cricket Association Ground,Perth Scorchers,Brisbane Heat,Brisbane Heat,bat,Brisbane Heat,['NM Hauritz']
253,654031,12/20/2013,male,Melbourne Cricket Ground,Melbourne Stars,Melbourne Renegades,Melbourne Renegades,field,Melbourne Stars,['LJ Wright']
254,654033,12/21/2013,male,Sydney Cricket Ground,Sydney Sixers,Sydney Thunder,Sydney Sixers,field,Sydney Sixers,['NJ Maddinson']
255,654035,12/22/2013,male,Bellerive Oval,Hobart Hurricanes,Adelaide Strikers,Hobart Hurricanes,field,no result,['NJ Maddinson']
256,654037,12/22/2013,male,"Brisbane Cricket Ground, Woolloongabba",Brisbane Heat,Perth Scorchers,Perth Scorchers,bat,Brisbane Heat,['CA Lynn']
257,654039,12/26/2013,male,Western Australia Cricket Association Ground,Perth Scorchers,Melbourne Renegades,Perth Scorchers,bat,Perth Scorchers,['Yasir Arafat']
258,654041,12/27/2013,male,Stadium Australia,Sydney Thunder,Adelaide Strikers,Sydney Thunder,field,Adelaide Strikers,['MEK Hussey']
259,654043,12/28/2013,male,"Brisbane Cricket Ground, Woolloongabba",Brisbane Heat,Hobart Hurricanes,Brisbane Heat,bat,Hobart Hurricanes,['BR Dunk']
260,654045,12/29/2013,male,Sydney Cricket Ground,Sydney Sixers,Melbourne Stars,Sydney Sixers,field,Melbourne Stars,['GJ Maxwell']
261,654047,12/30/2013,male,Docklands Stadium,Melbourne Renegades,Brisbane Heat,Melbourne Renegades,bat,Melbourne Renegades,['AJ Finch']
262,654051,1/1/2014,male,Bellerive Oval,Hobart Hurricanes,Melbourne Renegades,Melbourne Renegades,bat,Melbourne Renegades,['JL Pattinson']
263,654053,1/1/2014,male,Stadium Australia,Sydney Thunder,Melbourne Stars,Sydney Thunder,bat,Melbourne Stars,['BJ Hodge']
264,654055,1/2/2014,male,"Brisbane Cricket Ground, Woolloongabba",Brisbane Heat,Sydney Sixers,Brisbane Heat,field,Sydney Sixers,['B Lee']
265,654057,1/3/2014,male,Western Australia Cricket Association Ground,Perth Scorchers,Sydney Thunder,Sydney Thunder,bat,Perth Scorchers,['SM Katich']
266,654059,1/4/2014,male,Docklands Stadium,Melbourne Renegades,Melbourne Stars,Melbourne Renegades,bat,Melbourne Stars,['CL White']
267,654061,1/5/2014,male,Adelaide Oval,Adelaide Strikers,Sydney Sixers,Adelaide Strikers,bat,Sydney Sixers,['MJ Lumb']
268,654063,1/7/2014,male,Western Australia Cricket Association Ground,Perth Scorchers,Hobart Hurricanes,Perth Scorchers,bat,Perth Scorchers,['NM Coulter-Nile']
269,654065,1/8/2014,male,Stadium Australia,Sydney Thunder,Brisbane Heat,Brisbane Heat,bat,Brisbane Heat,['CA Lynn']
270,654067,1/9/2014,male,Melbourne Cricket Ground,Melbourne Stars,Adelaide Strikers,Adelaide Strikers,bat,Melbourne Stars,['JP Faulkner']
271,654069,1/10/2014,male,Sydney Cricket Ground,Sydney Sixers,Perth Scorchers,Perth Scorchers,bat,no result,['Yasir Arafat']
272,654071,1/11/2014,male,Bellerive Oval,Hobart Hurricanes,Sydney Thunder,Hobart Hurricanes,bat,Hobart Hurricanes,['BR Dunk']
273,654073,1/11/2014,male,"Brisbane Cricket Ground, Woolloongabba",Brisbane Heat,Melbourne Stars,Brisbane Heat,bat,Melbourne Stars,['LJ Wright']
274,654075,1/14/2014,male,Docklands Stadium,Melbourne Renegades,Sydney Thunder,Melbourne Renegades,bat,Sydney Thunder,['GS Sandhu']
275,654077,1/15/2014,male,Sydney Cricket Ground,Sydney Sixers,Hobart Hurricanes,Sydney Sixers,bat,Sydney Sixers,['SPD Smith']
276,654079,1/16/2014,male,Western Australia Cricket Association Ground,Perth Scorchers,Adelaide Strikers,Perth Scorchers,bat,Perth Scorchers,['CJ Simmons']
277,654081,1/18/2014,male,Adelaide Oval,Adelaide Strikers,Brisbane Heat,Brisbane Heat,bat,Brisbane Heat,['DL Vettori']
278,654083,1/18/2014,male,Docklands Stadium,Melbourne Renegades,Sydney Sixers,Melbourne Renegades,field,Sydney Sixers,['MC Henriques']
279,654085,1/21/2014,male,Melbourne Cricket Ground,Melbourne Stars,Hobart Hurricanes,Melbourne Stars,field,Melbourne Stars,['LJ Wright']
280,654087,1/22/2014,male,Adelaide Oval,Adelaide Strikers,Melbourne Renegades,Melbourne Renegades,bat,Melbourne Renegades,['DJ Bravo']
281,654089,1/23/2014,male,Bellerive Oval,Hobart Hurricanes,Brisbane Heat,Hobart Hurricanes,bat,Hobart Hurricanes,['BR Dunk']
282,654091,1/25/2014,male,Stadium Australia,Sydney Thunder,Sydney Sixers,Sydney Sixers,field,Sydney Sixers,['NM Lyon']
283,654093,1/27/2014,male,Melbourne Cricket Ground,Melbourne Stars,Perth Scorchers,Melbourne Stars,bat,Melbourne Stars,['JW Hastings']
284,654095,2/4/2014,male,Melbourne Cricket Ground,Melbourne Stars,Hobart Hurricanes,Melbourne Stars,bat,Hobart Hurricanes,['CJ Boyce']
285,654097,2/5/2014,male,Sydney Cricket Ground,Sydney Sixers,Perth Scorchers,Sydney Sixers,field,Perth Scorchers,['CJ Simmons']
286,654099,2/7/2014,male,Western Australia Cricket Association Ground,Perth Scorchers,Hobart Hurricanes,Perth Scorchers,bat,Perth Scorchers,['GB Hogg']
287,756735,12/18/2014,male,Adelaide Oval,Adelaide Strikers,Melbourne Stars,Melbourne Stars,bat,Adelaide Strikers,['TP Ludeman']
288,756737,12/19/2014,male,Sydney Cricket Ground,Sydney Sixers,Melbourne Renegades,Sydney Sixers,field,Sydney Sixers,['NJ Maddinson']
289,756739,12/20/2014,male,Melbourne Cricket Ground,Melbourne Stars,Hobart Hurricanes,Melbourne Stars,field,Hobart Hurricanes,['DJG Sammy']
290,756741,12/21/2014,male,Stadium Australia,Sydney Thunder,Brisbane Heat,Brisbane Heat,field,Sydney Thunder,['JH Kallis']
291,756743,12/22/2014,male,Western Australia Cricket Association Ground,Perth Scorchers,Adelaide Strikers,Perth Scorchers,bat,Adelaide Strikers,['JP Behrendorff']
292,756745,12/23/2014,male,Bellerive Oval,Hobart Hurricanes,Sydney Sixers,Hobart Hurricanes,bat,Sydney Sixers,['MC Henriques']
293,756747,12/26/2014,male,Western Australia Cricket Association Ground,Perth Scorchers,Melbourne Renegades,Perth Scorchers,bat,Perth Scorchers,['M Klinger']
294,756749,12/27/2014,male,Stadium Australia,Sydney Thunder,Sydney Sixers,Sydney Thunder,field,Sydney Sixers,['AC Blizzard']
295,756751,12/28/2014,male,"Brisbane Cricket Ground, Woolloongabba",Brisbane Heat,Melbourne Stars,Melbourne Stars,field,Brisbane Heat,['RM Duffield']
296,756753,12/29/2014,male,Sydney Cricket Ground,Sydney Sixers,Perth Scorchers,Perth Scorchers,bat,Perth Scorchers,['AJ Tye']
297,756755,12/30/2014,male,Docklands Stadium,Melbourne Renegades,Sydney Thunder,Melbourne Renegades,field,Melbourne Renegades,['JL Pattinson']
298,756757,12/31/2014,male,Adelaide Oval,Adelaide Strikers,Hobart Hurricanes,Hobart Hurricanes,bat,Adelaide Strikers,['TP Ludeman']
299,756759,1/1/2015,male,Western Australia Cricket Association Ground,Perth Scorchers,Sydney Thunder,Sydney Thunder,bat,Sydney Thunder,['JH Kallis']
300,756761,1/2/2015,male,Bellerive Oval,Hobart Hurricanes,Brisbane Heat,Hobart Hurricanes,field,Hobart Hurricanes,['TD Paine']
301,756763,1/3/2015,male,Docklands Stadium,Melbourne Renegades,Melbourne Stars,Melbourne Renegades,field,Melbourne Stars,['MA Beer']
302,756765,1/4/2015,male,"Brisbane Cricket Ground, Woolloongabba",Brisbane Heat,Adelaide Strikers,Adelaide Strikers,field,Adelaide Strikers,['TM Head']
303,756767,1/5/2015,male,Melbourne Cricket Ground,Melbourne Stars,Sydney Sixers,Melbourne Stars,field,no result,['JP Faulkner']
304,756769,1/6/2015,male,Adelaide Oval,Adelaide Strikers,Perth Scorchers,Adelaide Strikers,field,Perth Scorchers,['GB Hogg']
305,756773,1/8/2015,male,Western Australia Cricket Association Ground,Perth Scorchers,Brisbane Heat,Brisbane Heat,bat,Perth Scorchers,['MA Carberry']
306,756775,1/22/2015,male,Sydney Cricket Ground,Sydney Sixers,Sydney Thunder,Sydney Sixers,field,Sydney Sixers,['JC Silk']
307,756777,1/10/2015,male,Melbourne Cricket Ground,Melbourne Stars,Melbourne Renegades,Melbourne Renegades,bat,Melbourne Stars,['GJ Maxwell']
308,756779,1/11/2015,male,Bellerive Oval,Hobart Hurricanes,Perth Scorchers,Perth Scorchers,bat,Perth Scorchers,['JP Behrendorff']
309,756781,1/11/2015,male,"Brisbane Cricket Ground, Woolloongabba",Brisbane Heat,Sydney Sixers,Sydney Sixers,field,Sydney Sixers,['DE Bollinger']
310,756783,1/12/2015,male,Adelaide Oval,Adelaide Strikers,Sydney Thunder,Sydney Thunder,field,no result,['DE Bollinger']
311,756785,1/13/2015,male,Docklands Stadium,Melbourne Renegades,Brisbane Heat,Melbourne Renegades,field,Melbourne Renegades,['Shakib Al Hasan']
312,756787,1/14/2015,male,Sydney Cricket Ground,Sydney Sixers,Adelaide Strikers,Adelaide Strikers,bat,Adelaide Strikers,['J Botha']
313,756789,1/7/2015,male,Bellerive Oval,Hobart Hurricanes,Melbourne Renegades,Hobart Hurricanes,field,Melbourne Renegades,['BA Stokes']
314,756791,1/17/2015,male,Sydney Showground Stadium,Sydney Thunder,Melbourne Stars,Melbourne Stars,field,Melbourne Stars,['KP Pietersen']
315,756793,1/19/2015,male,Docklands Stadium,Melbourne Renegades,Adelaide Strikers,Adelaide Strikers,bat,Adelaide Strikers,['TM Head']
316,756795,1/21/2015,male,Melbourne Cricket Ground,Melbourne Stars,Perth Scorchers,Perth Scorchers,bat,Melbourne Stars,['PSP Handscomb']
317,756797,1/15/2015,male,"Brisbane Cricket Ground, Woolloongabba",Brisbane Heat,Hobart Hurricanes,Hobart Hurricanes,field,Brisbane Heat,['CA Lynn']
318,756799,1/24/2015,male,Adelaide Oval,Adelaide Strikers,Sydney Sixers,Sydney Sixers,bat,Sydney Sixers,['NJ Maddinson']
319,756801,1/25/2015,male,Western Australia Cricket Association Ground,Perth Scorchers,Melbourne Stars,Perth Scorchers,bat,Perth Scorchers,['AJ Tye']
320,756803,1/28/2015,male,Manuka Oval,Perth Scorchers,Sydney Sixers,Sydney Sixers,bat,Perth Scorchers,['SE Marsh']
321,897697,12/18/2015,male,Adelaide Oval,Adelaide Strikers,Melbourne Stars,Melbourne Stars,field,Adelaide Strikers,['AI Ross']
322,897699,12/19/2015,male,"Brisbane Cricket Ground, Woolloongabba",Brisbane Heat,Melbourne Renegades,Brisbane Heat,bat,Melbourne Renegades,['AJ Finch']
323,897701,12/20/2015,male,Sydney Cricket Ground,Sydney Sixers,Hobart Hurricanes,Sydney Sixers,bat,Sydney Sixers,['BJ Haddin']
324,897705,12/21/2015,male,Western Australia Cricket Association Ground,Perth Scorchers,Adelaide Strikers,Perth Scorchers,bat,Adelaide Strikers,['AU Rashid']
325,897707,12/22/2015,male,Bellerive Oval,Hobart Hurricanes,Brisbane Heat,Hobart Hurricanes,bat,Hobart Hurricanes,['TD Paine']
326,897709,12/23/2015,male,Docklands Stadium,Melbourne Renegades,Sydney Sixers,Sydney Sixers,field,Sydney Sixers,['MJ Lumb']
327,897711,12/26/2015,male,Western Australia Cricket Association Ground,Perth Scorchers,Brisbane Heat,Brisbane Heat,bat,Perth Scorchers,['DJ Willey']
328,897713,12/27/2015,male,Sydney Cricket Ground,Sydney Sixers,Melbourne Stars,Sydney Sixers,bat,Melbourne Stars,['GJ Maxwell']
329,897715,12/28/2015,male,Sydney Showground Stadium,Sydney Thunder,Adelaide Strikers,Adelaide Strikers,bat,Sydney Thunder,['JH Kallis']
330,897717,12/29/2015,male,"Brisbane Cricket Ground, Woolloongabba",Brisbane Heat,Hobart Hurricanes,Hobart Hurricanes,bat,Hobart Hurricanes,['CA Lynn']
331,897719,12/30/2015,male,Docklands Stadium,Melbourne Renegades,Perth Scorchers,Perth Scorchers,field,Perth Scorchers,['M Klinger']
332,897721,12/31/2015,male,Adelaide Oval,Adelaide Strikers,Sydney Sixers,Adelaide Strikers,field,Adelaide Strikers,['TM Head']
333,897723,1/1/2016,male,Bellerive Oval,Hobart Hurricanes,Sydney Thunder,Sydney Thunder,field,Hobart Hurricanes,['SW Tait']
334,897725,1/2/2016,male,Melbourne Cricket Ground,Melbourne Stars,Melbourne Renegades,Melbourne Stars,field,Melbourne Stars,['LJ Wright']
335,897727,1/2/2016,male,Western Australia Cricket Association Ground,Perth Scorchers,Sydney Sixers,Sydney Sixers,bat,Perth Scorchers,['DJ Willey']
336,897729,1/3/2016,male,"Brisbane Cricket Ground, Woolloongabba",Brisbane Heat,Sydney Thunder,Brisbane Heat,field,Brisbane Heat,['CA Lynn']
337,897731,1/4/2016,male,Bellerive Oval,Hobart Hurricanes,Melbourne Renegades,Melbourne Renegades,field,Melbourne Renegades,['CP Tremain']
338,897733,1/5/2016,male,Adelaide Oval,Adelaide Strikers,Perth Scorchers,Adelaide Strikers,bat,Adelaide Strikers,['TM Head']
339,897735,1/6/2016,male,Melbourne Cricket Ground,Melbourne Stars,Hobart Hurricanes,Melbourne Stars,field,Melbourne Stars,['GJ Maxwell']
340,897737,1/7/2016,male,Sydney Showground Stadium,Sydney Thunder,Perth Scorchers,Sydney Thunder,field,Perth Scorchers,['CT Bancroft']
341,897739,1/8/2016,male,"Brisbane Cricket Ground, Woolloongabba",Brisbane Heat,Adelaide Strikers,Adelaide Strikers,field,Adelaide Strikers,['DPMD Jayawardene']
342,897741,1/9/2016,male,Docklands Stadium,Melbourne Renegades,Melbourne Stars,Melbourne Stars,field,Melbourne Stars,['MP Stoinis']
343,897743,1/10/2016,male,Bellerive Oval,Hobart Hurricanes,Perth Scorchers,Perth Scorchers,bat,Perth Scorchers,['MA Carberry']
344,897745,1/10/2016,male,Sydney Cricket Ground,Sydney Sixers,Brisbane Heat,Brisbane Heat,bat,Brisbane Heat,['JA Burns']
345,897747,1/11/2016,male,Sydney Showground Stadium,Sydney Thunder,Melbourne Renegades,Sydney Thunder,bat,Melbourne Renegades,['CL White']
346,897749,1/13/2016,male,Adelaide Oval,Adelaide Strikers,Hobart Hurricanes,Hobart Hurricanes,bat,Adelaide Strikers,['AU Rashid']
347,897751,1/14/2016,male,Melbourne Cricket Ground,Melbourne Stars,Brisbane Heat,Melbourne Stars,field,Brisbane Heat,['S Badree']
348,897753,1/16/2016,male,Sydney Cricket Ground,Sydney Sixers,Sydney Thunder,Sydney Sixers,field,Sydney Thunder,['SR Watson']
349,897757,1/18/2016,male,Docklands Stadium,Melbourne Renegades,Adelaide Strikers,Melbourne Renegades,field,Adelaide Strikers,['TM Head']
350,897759,1/21/2016,male,Adelaide Oval,Adelaide Strikers,Sydney Thunder,Adelaide Strikers,bat,Sydney Thunder,['UT Khawaja']
351,897761,1/22/2016,male,Melbourne Cricket Ground,Melbourne Stars,Perth Scorchers,Melbourne Stars,field,Melbourne Stars,['KP Pietersen']
352,897763,1/24/2016,male,Melbourne Cricket Ground,Melbourne Stars,Sydney Thunder,Sydney Thunder,field,Sydney Thunder,['UT Khawaja']
